District,BEDSCODE,COUNTY_DESC
ADDISON CSD,570101,STEUBEN
ADIRONDACK CSD,410401,ONEIDA
AFTON CSD,801010,CHENANGO
AKRON CSD,142101,ERIE
ALBANY CITY SD,101000,ALBANY
ALBION CSD,450101,ORLEANS
ALDEN CSD,140101,ERIE
ALEXANDER CSD,180202,GENESEE
ALEXANDRIA CSD,220202,JEFFERSON
ALFRED-ALMOND CSD,201010,ALLEGANY
ALLEGANY-LIMESTONE CSD,403020,CATTARAUGUS
ALTMAR-PARISH-WILLIAMSTOWN CSD,460102,OSWEGO
AMAGANSETT UFSD,580303,SUFFOLK
AMHERST CSD,140201,ERIE
AMITYVILLE UFSD,580106,SUFFOLK
AMSTERDAM CITY SD,270100,MONTGOMERY
ANDES CSD,120102,DELAWARE
ANDOVER CSD,206010,ALLEGANY
ARDSLEY UFSD,660405,WESTCHESTER
ARGYLE CSD,640101,WASHINGTON
ARKPORT CSD,571901,STEUBEN
ARLINGTON CSD,131601,DUTCHESS
ATTICA CSD,670201,WYOMING
AUBURN CITY SD,501000,CAYUGA
AUSABLE VALLEY CSD,902010,CLINTON
AVERILL PARK CSD,491302,RENSSELAER
AVOCA CSD,570201,STEUBEN
AVON CSD,240101,LIVINGSTON
BABYLON UFSD,580101,SUFFOLK
BAINBRIDGE-GUILFORD CSD,802010,CHENANGO
BALDWIN UFSD,280210,NASSAU
BALDWINSVILLE CSD,420901,ONONDAGA
BALLSTON SPA CSD,521301,SARATOGA
BARKER CSD,401301,NIAGARA
BATAVIA CITY SD,180300,GENESEE
BATH CSD,570302,STEUBEN
BAY SHORE UFSD,580501,SUFFOLK
BAYPORT-BLUE POINT UFSD,580505,SUFFOLK
BEACON CITY SD,130200,DUTCHESS
BEAVER RIVER CSD,231301,LEWIS
BEDFORD CSD,660102,WESTCHESTER
BEEKMANTOWN CSD,903010,CLINTON
BELFAST CSD,208010,ALLEGANY
BELLEVILLE-HENDERSON CSD,220909,JEFFERSON
BELLMORE UFSD,280207,NASSAU
BELLMORE-MERRICK CENTRAL HS DISTRICT,280253,NASSAU
BEMUS POINT CSD,610010,CHAUTAUQUA
BERLIN CSD,490101,RENSSELAER
BERNE-KNOX-WESTERLO CSD,102010,ALBANY
BETHLEHEM CSD,103060,ALBANY
BETHPAGE UFSD,280521,NASSAU
BINGHAMTON CITY SD,302000,BROOME
BLIND BROOK-RYE UFSD,661905,WESTCHESTER
BOLIVAR-RICHBURG CSD,229020,ALLEGANY
BOLTON CSD,630101,WARREN
BOQUET VALLEY CSD,151801,ESSEX
BRADFORD CSD,570401,STEUBEN
BRASHER FALLS CSD,510101,SAINT LAWRENCE
BRENTWOOD UFSD,580512,SUFFOLK
BREWSTER CSD,480601,PUTNAM
BRIARCLIFF MANOR UFSD,661402,WESTCHESTER
BRIDGEHAMPTON UFSD,580909,SUFFOLK
BRIGHTON CSD,260101,MONROE
BROADALBIN-PERTH CSD,171102,FULTON
BROCKPORT CSD,261801,MONROE
BROCTON CSD,623010,CHAUTAUQUA
BRONXVILLE UFSD,660303,WESTCHESTER
BROOKFIELD CSD,250109,MADISON
BROOKHAVEN-COMSEWOGUE UFSD,580203,SUFFOLK
BRUNSWICK CSD (BRITTONKILL),490202,RENSSELAER
BRUSHTON-MOIRA CSD,161601,FRANKLIN
BUFFALO CITY SD,140600,ERIE
BURNT HILLS-BALLSTON LAKE CSD,520101,SARATOGA
BYRAM HILLS CSD,661201,WESTCHESTER
BYRON-BERGEN CSD,180701,GENESEE
CAIRO-DURHAM CSD,190301,GREENE
CALEDONIA-MUMFORD CSD,240201,LIVINGSTON
CAMBRIDGE CSD,641610,WASHINGTON
CAMDEN CSD,410601,ONEIDA
CAMPBELL-SAVONA CSD,570603,STEUBEN
CANAJOHARIE CSD,270301,MONTGOMERY
CANANDAIGUA CITY SD,430300,ONTARIO
CANASERAGA CSD,211020,ALLEGANY
CANASTOTA CSD,250901,MADISON
CANDOR CSD,600301,TIOGA
CANISTEO-GREENWOOD CSD,571502,STEUBEN
CANTON CSD,510201,SAINT LAWRENCE
CARLE PLACE UFSD,280411,NASSAU
CARMEL CSD,480102,PUTNAM
CARTHAGE CSD,222201,JEFFERSON
CASSADAGA VALLEY CSD,604010,CHAUTAUQUA
CATO-MERIDIAN CSD,504010,CAYUGA
CATSKILL CSD,190401,GREENE
CATTARAUGUS-LITTLE VALLEY CSD,423020,CATTARAUGUS
CAZENOVIA CSD,250201,MADISON
CENTER MORICHES UFSD,580233,SUFFOLK
CENTRAL ISLIP UFSD,580513,SUFFOLK
CENTRAL SQUARE CSD,460801,OSWEGO
CENTRAL VALLEY CSD AT ILION-MOHAWK,212101,HERKIMER
CHAPPAQUA CSD,661004,WESTCHESTER
CHARLOTTE VALLEY CSD,120401,DELAWARE
CHATEAUGAY CSD,160801,FRANKLIN
CHATHAM CSD,101001,COLUMBIA
CHAUTAUQUA LAKE CSD,605030,CHAUTAUQUA
CHAZY UFSD,906010,CLINTON
CHEEKTOWAGA CSD,140701,ERIE
CHEEKTOWAGA-MARYVALE UFSD,140702,ERIE
CHEEKTOWAGA-SLOAN UFSD,140709,ERIE
CHENANGO FORKS CSD,301010,BROOME
CHENANGO VALLEY CSD,307010,BROOME
CHERRY VALLEY-SPRINGFIELD CSD,472202,OTSEGO
CHESTER UFSD,440201,ORANGE
CHITTENANGO CSD,251601,MADISON
CHURCHVILLE-CHILI CSD,261501,MONROE
CINCINNATUS CSD,110101,CORTLAND
CLARENCE CSD,140801,ERIE
CLARKSTOWN CSD,500101,ROCKLAND
CLEVELAND HILL UFSD,140703,ERIE
CLIFTON-FINE CSD,510401,SAINT LAWRENCE
CLINTON CSD,411101,ONEIDA
CLYDE-SAVANNAH CSD,650301,WAYNE
CLYMER CSD,607010,CHAUTAUQUA
COBLESKILL-RICHMONDVILLE CSD,541102,SCHOHARIE
COHOES CITY SD,105000,ALBANY
COLD SPRING HARBOR CSD,580402,SUFFOLK
COLTON-PIERREPONT CSD,510501,SAINT LAWRENCE
COMMACK UFSD,580410,SUFFOLK
CONNETQUOT CSD,580507,SUFFOLK
COOPERSTOWN CSD,471701,OTSEGO
COPENHAGEN CSD,230201,LEWIS
COPIAGUE UFSD,580105,SUFFOLK
CORINTH CSD,520401,SARATOGA
CORNING CITY SD,571000,STEUBEN
CORNWALL CSD,440301,ORANGE
CORTLAND CITY SD,110200,CORTLAND
COXSACKIE-ATHENS CSD,190501,GREENE
CROTON-HARMON UFSD,660202,WESTCHESTER
CROWN POINT CSD,150203,ESSEX
CUBA-RUSHFORD CSD,223020,ALLEGANY
DALTON-NUNDA CSD (KESHEQUA),241101,LIVINGSTON
DANSVILLE CSD,241001,LIVINGSTON
DEER PARK UFSD,580107,SUFFOLK
DELAWARE ACADEMY CSD AT DELHI,120501,DELAWARE
DEPEW UFSD,140707,ERIE
DEPOSIT CSD,313010,DELAWARE
DERUYTER CSD,250301,MADISON
DOBBS FERRY UFSD,660403,WESTCHESTER
DOLGEVILLE CSD,211003,HERKIMER
DOVER UFSD,130502,DUTCHESS
DOWNSVILLE CSD,120301,DELAWARE
DRYDEN CSD,610301,TOMPKINS
DUANESBURG CSD,530101,SCHENECTADY
DUNDEE CSD,680801,YATES
DUNKIRK CITY SD,608000,CHAUTAUQUA
EAST AURORA UFSD,140301,ERIE
EAST BLOOMFIELD CSD,430501,ONTARIO
EAST GREENBUSH CSD,490301,RENSSELAER
EAST HAMPTON UFSD,580301,SUFFOLK
EAST IRONDEQUOIT CSD,260801,MONROE
EAST ISLIP UFSD,580503,SUFFOLK
EAST MEADOW UFSD,280203,NASSAU
EAST MORICHES UFSD,580234,SUFFOLK
EAST QUOGUE UFSD,580917,SUFFOLK
EAST RAMAPO CSD (SPRING VALLEY),500402,ROCKLAND
EAST ROCHESTER UFSD,261313,MONROE
EAST ROCKAWAY UFSD,280219,NASSAU
EAST SYRACUSE MINOA CSD,420401,ONONDAGA
EAST WILLISTON UFSD,280402,NASSAU
EASTCHESTER UFSD,660301,WESTCHESTER
EASTPORT-SOUTH MANOR CSD,580912,SUFFOLK
EDEN CSD,141201,ERIE
EDGEMONT UFSD,660406,WESTCHESTER
EDINBURG COMMON SD,520601,SARATOGA
EDMESTON CSD,470501,OTSEGO
EDWARDS-KNOX CSD,513102,SAINT LAWRENCE
ELBA CSD,180901,GENESEE
ELDRED CSD,590801,SULLIVAN
ELLENVILLE CSD,622002,ULSTER
ELLICOTTVILLE CSD,409010,CATTARAUGUS
ELMIRA CITY SD,706000,CHEMUNG
ELMIRA HEIGHTS CSD,709020,CHEMUNG
ELMONT UFSD,280216,NASSAU
ELMSFORD UFSD,660409,WESTCHESTER
ELWOOD UFSD,580401,SUFFOLK
EVANS-BRANT CSD (LAKE SHORE),141401,ERIE
FABIUS-POMPEY CSD,420601,ONONDAGA
FAIRPORT CSD,261301,MONROE
FALCONER CSD,611010,CHAUTAUQUA
FALLSBURG CSD,590501,SULLIVAN
FARMINGDALE UFSD,280522,NASSAU
FAYETTEVILLE-MANLIUS CSD,421001,ONONDAGA
FILLMORE CSD,220010,ALLEGANY
FIRE ISLAND UFSD,580514,SUFFOLK
FISHERS ISLAND UFSD,581004,SUFFOLK
FLORAL PARK-BELLEROSE UFSD,280222,NASSAU
FLORIDA UFSD,442115,ORANGE
FONDA-FULTONVILLE CSD,270601,MONTGOMERY
FORESTVILLE CSD,615030,CHAUTAUQUA
FORT ANN CSD,640502,WASHINGTON
FORT EDWARD UFSD,640601,WASHINGTON
FORT PLAIN CSD,270701,MONTGOMERY
FRANKFORT-SCHUYLER CSD,210402,HERKIMER
FRANKLIN CSD,120701,DELAWARE
FRANKLIN SQUARE UFSD,280217,NASSAU
FRANKLINVILLE CSD,411010,CATTARAUGUS
FREDONIA CSD,622010,CHAUTAUQUA
FREEPORT UFSD,280209,NASSAU
FREWSBURG CSD,603010,CHAUTAUQUA
FRIENDSHIP CSD,216010,ALLEGANY
FRONTIER CSD,141604,ERIE
FULTON CITY SD,460500,OSWEGO
GALWAY CSD,520701,SARATOGA
GANANDA CSD,650902,WAYNE
GARDEN CITY UFSD,280218,NASSAU
GARRISON UFSD,480404,PUTNAM
GATES-CHILI CSD,260401,MONROE
GENERAL BROWN CSD,220401,JEFFERSON
GENESEE VALLEY CSD ,207020,ALLEGANY
GENESEO CSD,240401,LIVINGSTON
GENEVA CITY SD,430700,ONTARIO
GEORGE JUNIOR REPUBLIC UFSD,610327,TOMPKINS
GEORGETOWN-SOUTH OTSELIC CSD,814010,CHENANGO
GERMANTOWN CSD,100902,COLUMBIA
GILBERTSVILLE-MOUNT UPTON CSD,470202,OTSEGO
GILBOA-CONESVILLE CSD,540801,SCHOHARIE
GLEN COVE CITY SD,280100,NASSAU
GLENS FALLS CITY SD,630300,WARREN
GLENS FALLS COMN SD,630918,WARREN
GLOVERSVILLE CITY SD,170500,FULTON
GORHAM-MIDDLESEX CSD (MARCUS WHITMAN,430901,ONTARIO
GOSHEN CSD,440601,ORANGE
GOUVERNEUR CSD,511101,SAINT LAWRENCE
GOWANDA CSD,428010,CATTARAUGUS
GRAND ISLAND CSD,141501,ERIE
GRANVILLE CSD,640701,WASHINGTON
GREAT NECK UFSD,280407,NASSAU
GREECE CSD,260501,MONROE
GREEN ISLAND UFSD,107010,ALBANY
GREENBURGH CSD,660407,WESTCHESTER
GREENBURGH ELEVEN UFSD,660411,WESTCHESTER
GREENBURGH-GRAHAM UFSD,660410,WESTCHESTER
GREENBURGH-NORTH CASTLE UFSD,660412,WESTCHESTER
GREENE CSD,806010,CHENANGO
GREENPORT UFSD,581010,SUFFOLK
GREENVILLE CSD,190701,GREENE
GREENWICH CSD,640801,WASHINGTON
GREENWOOD LAKE UFSD,442111,ORANGE
GROTON CSD,610501,TOMPKINS
GUILDERLAND CSD,108020,ALBANY
HADLEY-LUZERNE CSD,630801,WARREN
HALDANE CSD,480401,PUTNAM
HALF HOLLOW HILLS CSD,580405,SUFFOLK
HAMBURG CSD,141601,ERIE
HAMILTON CSD,250701,MADISON
HAMMOND CSD,511201,SAINT LAWRENCE
HAMMONDSPORT CSD,572901,STEUBEN
HAMPTON BAYS UFSD,580905,SUFFOLK
HANCOCK CSD,120906,DELAWARE
HANNIBAL CSD,460701,OSWEGO
HARBORFIELDS CSD,580406,SUFFOLK
HARPURSVILLE CSD,305010,BROOME
HARRISON CSD,660501,WESTCHESTER
HARRISVILLE CSD,230301,LEWIS
HARTFORD CSD,641001,WASHINGTON
HASTINGS-ON-HUDSON UFSD,660404,WESTCHESTER
HAUPPAUGE UFSD,580506,SUFFOLK
HAVERSTRAW-STONY POINT CSD (NORTH RO,500201,ROCKLAND
HAWTHORNE-CEDAR KNOLLS UFSD,660803,WESTCHESTER
HEMPSTEAD UFSD,280201,NASSAU
HENDRICK HUDSON CSD,660203,WESTCHESTER
HERKIMER CSD,210601,HERKIMER
HERMON-DEKALB CSD,511301,SAINT LAWRENCE
HERRICKS UFSD,280409,NASSAU
HEUVELTON CSD,512404,SAINT LAWRENCE
HEWLETT-WOODMERE UFSD,280214,NASSAU
HICKSVILLE UFSD,280517,NASSAU
HIGHLAND CSD,620803,ULSTER
HIGHLAND FALLS CSD,440901,ORANGE
HILTON CSD,261101,MONROE
HINSDALE CSD,414010,CATTARAUGUS
HOLLAND CSD,141701,ERIE
HOLLAND PATENT CSD,412201,ONEIDA
HOLLEY CSD,450704,ORLEANS
HOMER CSD,110701,CORTLAND
HONEOYE CSD,431401,ONTARIO
HONEOYE FALLS-LIMA CSD,260901,MONROE
HOOSIC VALLEY CSD,491401,RENSSELAER
HOOSICK FALLS CSD,490501,RENSSELAER
HORNELL CITY SD,571800,STEUBEN
HORSEHEADS CSD,709010,CHEMUNG
HUDSON CITY SD,101300,COLUMBIA
HUDSON FALLS CSD,641301,WASHINGTON
HUNTER-TANNERSVILLE CSD,190901,GREENE
HUNTINGTON UFSD,580403,SUFFOLK
HYDE PARK CSD,130801,DUTCHESS
INDIAN LAKE CSD,200401,HAMILTON
INDIAN RIVER CSD,220301,JEFFERSON
IROQUOIS CSD,141301,ERIE
IRVINGTON UFSD,660402,WESTCHESTER
ISLAND PARK UFSD,280231,NASSAU
ISLAND TREES UFSD,280226,NASSAU
ISLIP UFSD,580502,SUFFOLK
ITHACA CITY SD,610600,TOMPKINS
JAMESTOWN CITY SD,617000,CHAUTAUQUA
JAMESVILLE-DEWITT CSD,420411,ONONDAGA
JASPER-TROUPSBURG CSD,572702,STEUBEN
JEFFERSON CSD,540901,SCHOHARIE
JERICHO UFSD,280515,NASSAU
JOHNSBURG CSD,630601,WARREN
JOHNSON CITY CSD,315020,BROOME
JOHNSTOWN CITY SD,170600,FULTON
JORDAN-ELBRIDGE CSD,420501,ONONDAGA
KATONAH-LEWISBORO UFSD,660101,WESTCHESTER
KEENE CSD,150601,ESSEX
KENDALL CSD,450607,ORLEANS
KENMORE-TONAWANDA UFSD,142601,ERIE
KINDERHOOK CSD,101401,COLUMBIA
KINGS PARK CSD,580805,SUFFOLK
KINGSTON CITY SD,620600,ULSTER
KIRYAS JOEL VILLAGE UFSD,441202,ORANGE
LA FARGEVILLE CSD,221401,JEFFERSON
LACKAWANNA CITY SD,141800,ERIE
LAFAYETTE CSD,420807,ONONDAGA
LAKE GEORGE CSD,630701,WARREN
LAKE PLACID CSD,151102,ESSEX
LAKE PLEASANT CSD,200601,HAMILTON
LAKELAND CSD,662401,WESTCHESTER
LANCASTER CSD,141901,ERIE
LANSING CSD,610801,TOMPKINS
LANSINGBURGH CSD,490601,RENSSELAER
LAURENS CSD,470801,OTSEGO
LAWRENCE UFSD,280215,NASSAU
LE ROY CSD,181001,GENESEE
LETCHWORTH CSD,670401,WYOMING
LEVITTOWN UFSD,280205,NASSAU
LEWISTON-PORTER CSD,400301,NIAGARA
LIBERTY CSD,590901,SULLIVAN
LINDENHURST UFSD,580104,SUFFOLK
LISBON CSD,511602,SAINT LAWRENCE
LITTLE FALLS CITY SD,210800,HERKIMER
LITTLE FLOWER UFSD,580603,SUFFOLK
LIVERPOOL CSD,421501,ONONDAGA
LIVINGSTON MANOR CSD,591302,SULLIVAN
LIVONIA CSD,240801,LIVINGSTON
LOCKPORT CITY SD,400400,NIAGARA
LOCUST VALLEY CSD,280503,NASSAU
LONG BEACH CITY SD,280300,NASSAU
LONG LAKE CSD,200701,HAMILTON
LONGWOOD CSD,580212,SUFFOLK
LOWVILLE ACADEMY & CSD,230901,LEWIS
LYME CSD,221301,JEFFERSON
LYNBROOK UFSD,280220,NASSAU
LYNCOURT UFSD,421504,ONONDAGA
LYNDONVILLE CSD,451001,ORLEANS
LYONS CSD,650501,WAYNE
MADISON CSD,251101,MADISON
MADRID-WADDINGTON CSD,511901,SAINT LAWRENCE
MAHOPAC CSD,480101,PUTNAM
MAINE-ENDWELL CSD,311010,BROOME
MALONE CSD,161501,FRANKLIN
MALVERNE UFSD,280212,NASSAU
MAMARONECK UFSD,660701,WESTCHESTER
MANCHESTER-SHORTSVILLE CSD (RED JACK,431101,ONTARIO
MANHASSET UFSD,280406,NASSAU
MARATHON CSD,110901,CORTLAND
MARCELLUS CSD,421101,ONONDAGA
MARGARETVILLE CSD,121401,DELAWARE
MARION CSD,650701,WAYNE
MARLBORO CSD,621001,ULSTER
MASSAPEQUA UFSD,280523,NASSAU
MASSENA CSD,512001,SAINT LAWRENCE
MATTITUCK-CUTCHOGUE UFSD,581012,SUFFOLK
MAYFIELD CSD,170801,FULTON
MCGRAW CSD,110304,CORTLAND
MECHANICVILLE CITY SD,521200,SARATOGA
MEDINA CSD,450801,ORLEANS
MENANDS UFSD,106150,ALBANY
MERRICK UFSD,280225,NASSAU
MEXICO CSD,460901,OSWEGO
MIDDLE COUNTRY CSD,580211,SUFFOLK
MIDDLEBURGH CSD,541001,SCHOHARIE
MIDDLETOWN CITY SD,441000,ORANGE
MILFORD CSD,471101,OTSEGO
MILLBROOK CSD,132201,DUTCHESS
MILLER PLACE UFSD,580208,SUFFOLK
MINEOLA UFSD,280410,NASSAU
MINERVA CSD,150801,ESSEX
MINISINK VALLEY CSD,441101,ORANGE
MONROE-WOODBURY CSD,441201,ORANGE
MONTAUK UFSD,580306,SUFFOLK
MONTICELLO CSD,591401,SULLIVAN
MORAVIA CSD,513010,CAYUGA
MORIAH CSD,150901,ESSEX
MORRIS CSD,471201,OTSEGO
MORRISTOWN CSD,512101,SAINT LAWRENCE
MORRISVILLE-EATON CSD,250401,MADISON
MOUNT MARKHAM CSD,212001,HERKIMER
MT MORRIS CSD,240901,LIVINGSTON
MT PLEASANT CSD,660801,WESTCHESTER
MT PLEASANT-BLYTHEDALE UFSD,660806,WESTCHESTER
MT PLEASANT-COTTAGE UFSD,660804,WESTCHESTER
MT SINAI UFSD,580207,SUFFOLK
MT VERNON SCHOOL DISTRICT,660900,WESTCHESTER
NANUET UFSD,500108,ROCKLAND
NAPLES CSD,431201,ONTARIO
NEW HARTFORD CSD,411501,ONEIDA
NEW HYDE PARK-GARDEN CITY PARK UFSD,280405,NASSAU
NEW LEBANON CSD,101601,COLUMBIA
NEW PALTZ CSD,621101,ULSTER
NEW ROCHELLE CITY SD,661100,WESTCHESTER
NEW SUFFOLK COMN SD,581015,SUFFOLK
NEW YORK CITY,300000,BRONX
NEWARK CSD,650101,WAYNE
NEWARK VALLEY CSD,600402,TIOGA
NEWBURGH CITY SD,441600,ORANGE
NEWCOMB CSD,151001,ESSEX
NEWFANE CSD,400601,NIAGARA
NEWFIELD CSD,610901,TOMPKINS
NIAGARA FALLS CITY SD,400800,NIAGARA
NIAGARA-WHEATFIELD CSD,400701,NIAGARA
NISKAYUNA CSD,530301,SCHENECTADY
NORTH BABYLON UFSD,580103,SUFFOLK
NORTH BELLMORE UFSD,280204,NASSAU
NORTH COLLINS CSD,142201,ERIE
NORTH COLONIE CSD,106230,ALBANY
NORTH GREENBUSH COMN SD (WILLIAMS),490801,RENSSELAER
NORTH MERRICK UFSD,280229,NASSAU
NORTH ROSE-WOLCOTT CSD,651501,WAYNE
NORTH SALEM CSD,661301,WESTCHESTER
NORTH SHORE CSD,280501,NASSAU
NORTH SYRACUSE CSD,420303,ONONDAGA
NORTH TONAWANDA CITY SD,400900,NIAGARA
NORTH WARREN CSD,630202,WARREN
NORTHEAST CSD,131101,DUTCHESS
NORTHEASTERN CLINTON CSD,905010,CLINTON
NORTHERN ADIRONDACK CSD,909010,CLINTON
NORTHPORT-EAST NORTHPORT UFSD,580404,SUFFOLK
NORTHVILLE CSD,170901,FULTON
NORWICH CITY SD,812000,CHENANGO
NORWOOD-NORFOLK CSD,512201,SAINT LAWRENCE
NY MILLS UFSD,411504,ONEIDA
NYACK UFSD,500304,ROCKLAND
OAKFIELD-ALABAMA CSD,181101,GENESEE
OCEANSIDE UFSD,280211,NASSAU
ODESSA-MONTOUR CSD,550101,SCHUYLER
OGDENSBURG CITY SD,512300,SAINT LAWRENCE
OLEAN CITY SD,424000,CATTARAUGUS
ONEIDA CITY SD,251400,MADISON
ONEONTA CITY SD,471400,OTSEGO
ONONDAGA CSD,421201,ONONDAGA
ONTEORA CSD,621201,ULSTER
OPPENHEIM-EPHRATAH-ST. JOHNSVILLE CS,271201,MONTGOMERY
ORCHARD PARK CSD,142301,ERIE
ORISKANY CSD,412901,ONEIDA
OSSINING UFSD,661401,WESTCHESTER
OSWEGO CITY SD,461300,OSWEGO
OTEGO-UNADILLA CSD,471601,OTSEGO
OWEGO-APALACHIN CSD,600601,TIOGA
OXFORD ACADEMY & CSD,815010,CHENANGO
OYSTER BAY-EAST NORWICH CSD,280506,NASSAU
OYSTERPONDS UFSD,581002,SUFFOLK
PALMYRA-MACEDON CSD,650901,WAYNE
PANAMA CSD,616010,CHAUTAUQUA
PARISHVILLE-HOPKINTON CSD,512501,SAINT LAWRENCE
PATCHOGUE-MEDFORD UFSD,580224,SUFFOLK
PAVILION CSD,181201,GENESEE
PAWLING CSD,131201,DUTCHESS
PEARL RIVER UFSD,500308,ROCKLAND
PEEKSKILL CITY SD,661500,WESTCHESTER
PELHAM UFSD,661601,WESTCHESTER
PEMBROKE CSD,181302,GENESEE
PENFIELD CSD,261201,MONROE
PENN YAN CSD,680601,YATES
PERRY CSD,671201,WYOMING
PERU CSD,911010,CLINTON
PHELPS-CLIFTON SPRINGS CSD,431301,ONTARIO
PHOENIX CSD,462001,OSWEGO
PINE BUSH CSD,440401,ORANGE
PINE PLAINS CSD,131301,DUTCHESS
PINE VALLEY CSD (SOUTH DAYTON),606010,CHAUTAUQUA
PITTSFORD CSD,261401,MONROE
PLAINEDGE UFSD,280518,NASSAU
PLAINVIEW-OLD BETHPAGE CSD,280504,NASSAU
PLATTSBURGH CITY SD,912000,CLINTON
PLEASANTVILLE UFSD,660809,WESTCHESTER
POCANTICO HILLS CSD,660802,WESTCHESTER
POLAND CSD,211103,HERKIMER
PORT BYRON CSD,511010,CAYUGA
PORT CHESTER-RYE UFSD,661904,WESTCHESTER
PORT JEFFERSON UFSD,580206,SUFFOLK
PORT JERVIS CITY SD,441800,ORANGE
PORT WASHINGTON UFSD,280404,NASSAU
PORTVILLE CSD,429010,CATTARAUGUS
POTSDAM CSD,512902,SAINT LAWRENCE
POUGHKEEPSIE CITY SD,131500,DUTCHESS
PRATTSBURGH CSD,572301,STEUBEN
PULASKI CSD,461801,OSWEGO
PUTNAM CSD,641401,WASHINGTON
PUTNAM VALLEY CSD,480503,PUTNAM
QUEENSBURY UFSD,630902,WARREN
QUOGUE UFSD,580903,SUFFOLK
RANDOLPH ACAD UFSD,430110,CATTARAUGUS
RANDOLPH CSD,430010,CATTARAUGUS
RAVENA-COEYMANS-SELKIRK CSD,104020,ALBANY
RED CREEK CSD,651503,WAYNE
RED HOOK CSD,131701,DUTCHESS
REMSEN CSD,411701,ONEIDA
REMSENBURG-SPEONK UFSD,580901,SUFFOLK
RENSSELAER CITY SD,491200,RENSSELAER
RHINEBECK CSD,131801,DUTCHESS
RICHFIELD SPRINGS CSD,472001,OTSEGO
RIPLEY CSD,624010,CHAUTAUQUA
RIVERHEAD CSD,580602,SUFFOLK
ROCHESTER CITY SD,261600,MONROE
ROCKVILLE CENTRE UFSD,280221,NASSAU
ROCKY POINT UFSD,580209,SUFFOLK
ROME CITY SD,411800,ONEIDA
ROMULUS CSD,560603,SENECA
RONDOUT VALLEY CSD,620901,ULSTER
ROOSEVELT UFSD,280208,NASSAU
ROSCOE CSD,591301,SULLIVAN
ROSLYN UFSD,280403,NASSAU
ROTTERDAM-MOHONASEN CSD,530515,SCHENECTADY
ROXBURY CSD,121502,DELAWARE
ROYALTON-HARTLAND CSD,401201,NIAGARA
RUSH-HENRIETTA CSD,261701,MONROE
RYE CITY SD,661800,WESTCHESTER
RYE NECK UFSD,661901,WESTCHESTER
SACHEM CSD,580205,SUFFOLK
SACKETS HARBOR CSD,221001,JEFFERSON
SAG HARBOR UFSD,580305,SUFFOLK
SAGAPONACK COMN SD,580910,SUFFOLK
SALAMANCA CITY SD,432000,CATTARAUGUS
SALEM CSD,641501,WASHINGTON
SALMON RIVER CSD,161201,FRANKLIN
SANDY CREEK CSD,461901,OSWEGO
SARANAC CSD,914020,CLINTON
SARANAC LAKE CSD,161401,FRANKLIN
SARATOGA SPRINGS CITY SD,521800,SARATOGA
SAUGERTIES CSD,621601,ULSTER
SAUQUOIT VALLEY CSD,411603,ONEIDA
SAYVILLE UFSD,580504,SUFFOLK
SCARSDALE UFSD,662001,WESTCHESTER
SCHALMONT CSD,530501,SCHENECTADY
SCHENECTADY CITY SD,530600,SCHENECTADY
SCHENEVUS CSD,470901,OTSEGO
SCHODACK CSD,491501,RENSSELAER
SCHOHARIE CSD,541201,SCHOHARIE
SCHROON LAKE CSD,151401,ESSEX
SCHUYLERVILLE CSD,521701,SARATOGA
SCIO CSD,224010,ALLEGANY
SCOTIA-GLENVILLE CSD,530202,SCHENECTADY
SEAFORD UFSD,280206,NASSAU
SENECA FALLS CSD,560701,SENECA
SEWANHAKA CENTRAL HS DISTRICT,280252,NASSAU
SHARON SPRINGS CSD,541401,SCHOHARIE
SHELTER ISLAND UFSD,580701,SUFFOLK
SHENENDEHOWA CSD,520302,SARATOGA
SHERBURNE-EARLVILLE CSD,820010,CHENANGO
SHERMAN CSD,626010,CHAUTAUQUA
SHERRILL CITY SD,412000,ONEIDA
SHOREHAM-WADING RIVER CSD,580601,SUFFOLK
SIDNEY CSD,121601,DELAWARE
SILVER CREEK CSD,615010,CHAUTAUQUA
SKANEATELES CSD,421601,ONONDAGA
SMITHTOWN CSD,580801,SUFFOLK
SODUS CSD,651201,WAYNE
SOLVAY UFSD,420702,ONONDAGA
SOMERS CSD,662101,WESTCHESTER
SOUTH COLONIE CSD,106010,ALBANY
SOUTH COUNTRY CSD,580235,SUFFOLK
SOUTH GLENS FALLS CSD,521401,SARATOGA
SOUTH HUNTINGTON UFSD,580413,SUFFOLK
SOUTH JEFFERSON CSD,220101,JEFFERSON
SOUTH KORTRIGHT CSD,121702,DELAWARE
SOUTH LEWIS CSD,231101,LEWIS
SOUTH ORANGETOWN CSD,500301,ROCKLAND
SOUTH SENECA CSD,560501,SENECA
SOUTHAMPTON UFSD,580906,SUFFOLK
SOUTHERN CAYUGA CSD,507010,CAYUGA
SOUTHOLD UFSD,581005,SUFFOLK
SOUTHWESTERN CSD AT JAMESTOWN,602010,CHAUTAUQUA
SPACKENKILL UFSD,131602,DUTCHESS
SPENCERPORT CSD,261001,MONROE
SPENCER-VAN ETTEN CSD,600801,TIOGA
SPRINGS UFSD,580304,SUFFOLK
SPRINGVILLE-GRIFFITH INST CSD,141101,ERIE
ST REGIS FALLS CSD,161801,FRANKLIN
STAMFORD CSD,121701,DELAWARE
STARPOINT CSD,401001,NIAGARA
STILLWATER CSD,522001,SARATOGA
STOCKBRIDGE VALLEY CSD,251501,MADISON
SUFFERN CSD ,500401,ROCKLAND
SULLIVAN WEST CSD,591502,SULLIVAN
SUSQUEHANNA VALLEY CSD,306010,BROOME
SWEET HOME CSD,140207,ERIE
SYOSSET CSD,280502,NASSAU
SYRACUSE CITY SD,421800,ONONDAGA
TACONIC HILLS CSD,100501,COLUMBIA
THOUSAND ISLANDS CSD,220701,JEFFERSON
THREE VILLAGE CSD,580201,SUFFOLK
TICONDEROGA CSD,151501,ESSEX
TIOGA CSD,600903,TIOGA
TONAWANDA CITY SD,142500,ERIE
TOWN OF WEBB UFSD,211901,HERKIMER
TRI-VALLEY CSD,591201,SULLIVAN
TROY CITY SD,491700,RENSSELAER
TRUMANSBURG CSD,611001,TOMPKINS
TUCKAHOE COMN SD,580913,SUFFOLK
TUCKAHOE UFSD,660302,WESTCHESTER
TULLY CSD,421902,ONONDAGA
TUPPER LAKE CSD,160101,FRANKLIN
TUXEDO UFSD,441903,ORANGE
UFSD-TARRYTOWNS,660401,WESTCHESTER
UNADILLA VALLEY CSD,810030,CHENANGO
UNION SPRINGS CSD,519010,CAYUGA
UNIONDALE UFSD,280202,NASSAU
UNION-ENDICOTT CSD,315010,BROOME
UTICA CITY SD,412300,ONEIDA
VALHALLA UFSD,660805,WESTCHESTER
VALLEY CSD (MONTGOMERY),441301,ORANGE
VALLEY STREAM 13 UFSD,280213,NASSAU
VALLEY STREAM 24 UFSD,280224,NASSAU
VALLEY STREAM 30 UFSD,280230,NASSAU
VALLEY STREAM CENTRAL HS DISTRICT,280251,NASSAU
VAN HORNESVILLE-OWEN D YOUNG CSD,211701,HERKIMER
VESTAL CSD,316010,BROOME
VICTOR CSD,431701,ONTARIO
VOORHEESVILLE CSD,110030,ALBANY
WAINSCOTT COMN SD,580302,SUFFOLK
WALLKILL CSD,621801,ULSTER
WALTON CSD,121901,DELAWARE
WANTAGH UFSD,280223,NASSAU
WAPPINGERS CSD,132101,DUTCHESS
WARRENSBURG CSD,631201,WARREN
WARSAW CSD,671501,WYOMING
WARWICK VALLEY CSD,442101,ORANGE
WASHINGTONVILLE CSD,440102,ORANGE
WATERFORD-HALFMOON UFSD,522101,SARATOGA
WATERLOO CSD,561006,SENECA
WATERTOWN CITY SD,222000,JEFFERSON
WATERVILLE CSD,411902,ONEIDA
WATERVLIET CITY SD,112000,ALBANY
WATKINS GLEN CSD,550301,SCHUYLER
WAVERLY CSD,600101,TIOGA
WAYLAND-COHOCTON CSD,573002,STEUBEN
WAYNE CSD,650801,WAYNE
WEBSTER CSD,261901,MONROE
WEEDSPORT CSD,503010,CAYUGA
WELLS CSD,200901,HAMILTON
WELLSVILLE CSD,226010,ALLEGANY
WEST BABYLON UFSD,580102,SUFFOLK
WEST CANADA VALLEY CSD,210302,HERKIMER
WEST GENESEE CSD,420101,ONONDAGA
WEST HEMPSTEAD UFSD,280227,NASSAU
WEST IRONDEQUOIT CSD,260803,MONROE
WEST ISLIP UFSD,580509,SUFFOLK
WEST SENECA CSD,142801,ERIE
WEST VALLEY CSD,402040,CATTARAUGUS
WESTBURY UFSD,280401,NASSAU
WESTFIELD CSD,629010,CHAUTAUQUA
WESTHAMPTON BEACH UFSD,580902,SUFFOLK
WESTHILL CSD,420701,ONONDAGA
WESTMORELAND CSD,412801,ONEIDA
WHEATLAND-CHILI CSD,262001,MONROE
WHEELERVILLE UFSD,170301,FULTON
WHITE PLAINS CITY SD,662200,WESTCHESTER
WHITEHALL CSD,641701,WASHINGTON
WHITESBORO CSD,412902,ONEIDA
WHITESVILLE CSD,221010,ALLEGANY
WHITNEY POINT CSD,314010,BROOME
WILLIAM FLOYD UFSD,580232,SUFFOLK
WILLIAMSON CSD,651402,WAYNE
WILLIAMSVILLE CSD,140203,ERIE
WILLSBORO CSD,151701,ESSEX
WILSON CSD,401501,NIAGARA
WINDHAM-ASHLAND-JEWETT CSD,191401,GREENE
WINDSOR CSD,317010,BROOME
WORCESTER CSD,472506,OTSEGO
WYANDANCH UFSD,580109,SUFFOLK
WYNANTSKILL UFSD,490804,RENSSELAER
WYOMING CSD,671002,WYOMING
YONKERS CITY SD,662300,WESTCHESTER
YORK CSD,241701,LIVINGSTON
YORKSHIRE-PIONEER CSD,435010,CATTARAUGUS
YORKTOWN CSD,662402,WESTCHESTER
